frame_index,timestamp_us,session_time_us
0,1781148795856076,5075
1,1781148795872561,21560
2,1781148795890957,39956
3,1781148795908895,57894
4,1781148795935892,84891
5,1781148795938272,87271
6,1781148795959790,108789
7,1781148795972397,121396
8,1781148795990944,139943
9,1781148796005315,154314
10,1781148796023772,172771
11,1781148796038751,187750
12,1781148796055992,204991
13,1781148796071884,220883
14,1781148796088666,237665
15,1781148796105401,254400
16,1781148796122665,271664
17,1781148796138532,287531
18,1781148796155949,304948
19,1781148796171610,320609
20,1781148796187987,336986
21,1781148796204034,353033
22,1781148796221940,370939
23,1781148796238641,387640
24,1781148796251591,400590
25,1781148796271279,420278
26,1781148796288596,437595
27,1781148796304390,453389
28,1781148796321640,470639
29,1781148796338062,487061
30,1781148796354391,503390
31,1781148796368562,517561
32,1781148796387818,536817
33,1781148796405366,554365
34,1781148796421602,570601
35,1781148796437652,586651
36,1781148796454701,603700
37,1781148796471056,620055
38,1781148796488071,637070
39,1781148796504822,653821
40,1781148796521140,670139
41,1781148796538123,687122
42,1781148796554981,703980
43,1781148796571281,720280
44,1781148796588630,737629
45,1781148796604449,753448
46,1781148796617931,766930
47,1781148796637967,786966
48,1781148796655109,804108
49,1781148796671000,819999
50,1781148796688521,837520
51,1781148796704171,853170
52,1781148796721396,870395
53,1781148796737164,886163
54,1781148796755940,904939
55,1781148796771005,920004
56,1781148796788374,937373
57,1781148796804341,953340
58,1781148796821630,970629
59,1781148796838472,987471
60,1781148796852814,1001813
61,1781148796869106,1018105
62,1781148796887258,1036257
63,1781148796906463,1055462
64,1781148796923372,1072371
65,1781148796939407,1088406
66,1781148796956462,1105461
67,1781148796973753,1122752
68,1781148796988814,1137813
69,1781148797006272,1155271
70,1781148797024611,1173610
71,1781148797039632,1188631
72,1781148797055412,1204411
73,1781148797073606,1222605
74,1781148797093810,1242809
75,1781148797106816,1255815
76,1781148797123460,1272459
77,1781148797137360,1286359
78,1781148797153697,1302696
79,1781148797170287,1319286
80,1781148797186934,1335933
81,1781148797202888,1351887
82,1781148797221132,1370131
83,1781148797236400,1385399
84,1781148797254908,1403907
85,1781148797269923,1418922
86,1781148797283456,1432455
87,1781148797303308,1452307
88,1781148797320362,1469361
89,1781148797336505,1485504
90,1781148797354133,1503132
91,1781148797370203,1519202
92,1781148797387117,1536116
93,1781148797403184,1552183
94,1781148797419971,1568970
95,1781148797436338,1585337
96,1781148797453472,1602471
97,1781148797469717,1618716
98,1781148797487298,1636297
99,1781148797503251,1652250
100,1781148797516788,1665787
101,1781148797537497,1686496
102,1781148797553791,1702790
103,1781148797570174,1719173
104,1781148797586060,1735059
105,1781148797604224,1753223
106,1781148797621651,1770650
107,1781148797637347,1786346
108,1781148797655958,1804957
109,1781148797670173,1819172
110,1781148797686847,1835846
111,1781148797706449,1855448
112,1781148797720755,1869754
113,1781148797737643,1886642
114,1781148797755228,1904227
115,1781148797770245,1919244
116,1781148797788218,1937217
117,1781148797804017,1953016
118,1781148797820227,1969226
119,1781148797836236,1985235
120,1781148797853396,2002395
121,1781148797869557,2018556
122,1781148797886396,2035395
123,1781148797902353,2051352
124,1781148797919373,2068372
125,1781148797936764,2085763
126,1781148797953166,2102165
127,1781148797969175,2118174
128,1781148797986862,2135861
129,1781148798003157,2152156
130,1781148798019659,2168658
131,1781148798036150,2185149
132,1781148798053620,2202619
133,1781148798070001,2219000
134,1781148798086391,2235390
135,1781148798102592,2251591
136,1781148798119325,2268324
137,1781148798136225,2285224
138,1781148798153225,2302224
139,1781148798169372,2318371
140,1781148798186108,2335107
141,1781148798202645,2351644
142,1781148798219586,2368585
143,1781148798237447,2386446
144,1781148798253011,2402010
145,1781148798269239,2418238
146,1781148798286127,2435126
147,1781148798302478,2451477
148,1781148798319788,2468787
149,1781148798335701,2484700
150,1781148798352401,2501400
151,1781148798369259,2518258
152,1781148798383578,2532577
153,1781148798402269,2551268
154,1781148798419373,2568372
155,1781148798437018,2586017
156,1781148798453321,2602320
157,1781148798468895,2617894
158,1781148798485876,2634875
159,1781148798502283,2651282
160,1781148798518965,2667964
161,1781148798535772,2684771
162,1781148798555101,2704100
163,1781148798569122,2718121
164,1781148798585617,2734616
165,1781148798602024,2751023
166,1781148798619157,2768156
167,1781148798635093,2784092
168,1781148798652487,2801486
169,1781148798669109,2818108
170,1781148798687049,2836048
171,1781148798702272,2851271
172,1781148798719447,2868446
173,1781148798735393,2884392
174,1781148798752184,2901183
175,1781148798768743,2917742
176,1781148798786042,2935041
177,1781148798802106,2951105
178,1781148798819302,2968301
179,1781148798835486,2984485
180,1781148798852841,3001840
181,1781148798869028,3018027
182,1781148798886585,3035584
183,1781148798902314,3051313
184,1781148798918512,3067511
185,1781148798934965,3083964
186,1781148798952242,3101241
187,1781148798968322,3117321
188,1781148798987226,3136225
189,1781148799001812,3150811
190,1781148799019361,3168360
191,1781148799035202,3184201
192,1781148799051680,3200679
193,1781148799068229,3217228
194,1781148799086690,3235689
195,1781148799101630,3250629
196,1781148799119278,3268277
197,1781148799135185,3284184
198,1781148799152278,3301277
199,1781148799168779,3317778
200,1781148799186361,3335360
201,1781148799202067,3351066
202,1781148799219175,3368174
203,1781148799235854,3384853
204,1781148799253520,3402519
205,1781148799268831,3417830
206,1781148799287655,3436654
207,1781148799302010,3451009
208,1781148799318900,3467899
209,1781148799335092,3484091
210,1781148799352733,3501732
211,1781148799367733,3516732
212,1781148799386648,3535647
213,1781148799401752,3550751
214,1781148799419471,3568470
215,1781148799435768,3584767
216,1781148799455070,3604069
217,1781148799468572,3617571
218,1781148799485802,3634801
219,1781148799501724,3650723
220,1781148799518788,3667787
221,1781148799534879,3683878
222,1781148799552726,3701725
223,1781148799568097,3717096
224,1781148799584680,3733679
225,1781148799601715,3750714
226,1781148799615643,3764642
227,1781148799634965,3783964
228,1781148799652485,3801484
229,1781148799667889,3816888
230,1781148799685232,3834231
231,1781148799701661,3850660
232,1781148799718141,3867140
233,1781148799734766,3883765
234,1781148799752156,3901155
235,1781148799767802,3916801
236,1781148799785010,3934009
237,1781148799801344,3950343
238,1781148799818493,3967492
239,1781148799834395,3983394
240,1781148799851919,4000918
241,1781148799867728,4016727
242,1781148799884867,4033866
243,1781148799901106,4050105
244,1781148799917686,4066685
245,1781148799934514,4083513
246,1781148799951287,4100286
247,1781148799969975,4118974
248,1781148799985267,4134266
249,1781148800000958,4149957
250,1781148800018889,4167888
251,1781148800034747,4183746
252,1781148800052412,4201411
253,1781148800068627,4217626
254,1781148800085250,4234249
255,1781148800101284,4250283
256,1781148800118110,4267109
257,1781148800134341,4283340
258,1781148800151619,4300618
259,1781148800171557,4320556
260,1781148800185154,4334153
261,1781148800202178,4351177
262,1781148800218441,4367440
263,1781148800238002,4387001
264,1781148800254766,4403765
265,1781148800270647,4419646
266,1781148800291275,4440274
267,1781148800302726,4451725
268,1781148800318737,4467736
269,1781148800334924,4483923
270,1781148800352170,4501169
271,1781148800368073,4517072
272,1781148800385038,4534037
273,1781148800401204,4550203
274,1781148800417412,4566411
275,1781148800432920,4581919
276,1781148800451730,4600729
277,1781148800464072,4613071
278,1781148800484235,4633234
279,1781148800500604,4649603
280,1781148800517152,4666151
281,1781148800534548,4683547
282,1781148800551977,4700976
283,1781148800567194,4716193
284,1781148800583970,4732969
285,1781148800600609,4749608
286,1781148800617114,4766113
287,1781148800633786,4782785
288,1781148800650600,4799599
289,1781148800666921,4815920
290,1781148800684506,4833505
291,1781148800700104,4849103
292,1781148800716945,4865944
293,1781148800733729,4882728
294,1781148800750986,4899985
295,1781148800767124,4916123
296,1781148800784183,4933182
297,1781148800800173,4949172
298,1781148800817324,4966323
299,1781148800833640,4982639
300,1781148800847596,4996595
301,1781148800868159,5017158
302,1781148800884540,5033539
303,1781148800900017,5049016
304,1781148800917171,5066170
305,1781148800933240,5082239
306,1781148800950941,5099940
307,1781148800967535,5116534
308,1781148800984877,5133876
309,1781148800999957,5148956
310,1781148801017389,5166388
311,1781148801033679,5182678
312,1781148801050777,5199776
313,1781148801066871,5215870
314,1781148801083685,5232684
315,1781148801099890,5248889
316,1781148801116923,5265922
317,1781148801133335,5282334
318,1781148801152070,5301069
319,1781148801167083,5316082
320,1781148801184121,5333120
321,1781148801199942,5348941
322,1781148801216624,5365623
323,1781148801234273,5383272
324,1781148801250747,5399746
325,1781148801268165,5417164
326,1781148801285400,5434399
327,1781148801301048,5450047
328,1781148801318138,5467137
329,1781148801333839,5482838
330,1781148801347182,5496181
331,1781148801369102,5518101
332,1781148801383366,5532365
333,1781148801400179,5549178
334,1781148801416924,5565923
335,1781148801433226,5582225
336,1781148801450236,5599235
337,1781148801467017,5616016
338,1781148801484168,5633167
339,1781148801499932,5648931
340,1781148801517290,5666289
341,1781148801532847,5681846
342,1781148801550222,5699221
343,1781148801566501,5715500
344,1781148801583187,5732186
345,1781148801601160,5750159
346,1781148801617018,5766017
347,1781148801633422,5782421
348,1781148801648742,5797741
349,1781148801666505,5815504
350,1781148801680909,5829908
351,1781148801701152,5850151
352,1781148801716675,5865674
353,1781148801734467,5883466
354,1781148801750815,5899814
355,1781148801768479,5917478
356,1781148801780419,5929418
357,1781148801803980,5952979
358,1781148801819775,5968774
359,1781148801833489,5982488
360,1781148801854564,6003563
361,1781148801869333,6018332
362,1781148801882612,6031611
363,1781148801901105,6050104
364,1781148801917025,6066024
365,1781148801933244,6082243
366,1781148801949546,6098545
367,1781148801966820,6115819
368,1781148801984921,6133920
369,1781148802000001,6149000
370,1781148802017890,6166889
371,1781148802033149,6182148
372,1781148802051047,6200046
373,1781148802066523,6215522
374,1781148802083403,6232402
375,1781148802100016,6249015
376,1781148802118285,6267284
377,1781148802132424,6281423
378,1781148802149399,6298398
379,1781148802166431,6315430
380,1781148802182782,6331781
381,1781148802199519,6348518
382,1781148802217868,6366867
383,1781148802232638,6381637
384,1781148802249891,6398890
385,1781148802266424,6415423
386,1781148802284100,6433099
387,1781148802300978,6449977
388,1781148802317239,6466238
389,1781148802333109,6482108
390,1781148802349973,6498972
391,1781148802366967,6515966
392,1781148802382761,6531760
393,1781148802398887,6547886
394,1781148802416474,6565473
395,1781148802432579,6581578
396,1781148802451127,6600126
397,1781148802467417,6616416
398,1781148802482780,6631779
399,1781148802499126,6648125
400,1781148802517121,6666120
401,1781148802532555,6681554
402,1781148802550258,6699257
403,1781148802566060,6715059
404,1781148802583391,6732390
405,1781148802599370,6748369
406,1781148802616276,6765275
407,1781148802633117,6782116
408,1781148802650392,6799391
409,1781148802666093,6815092
410,1781148802683332,6832331
411,1781148802699250,6848249
412,1781148802716616,6865615
413,1781148802732659,6881658
414,1781148802749658,6898657
415,1781148802763372,6912371
416,1781148802784419,6933418
417,1781148802799620,6948619
418,1781148802818027,6967026
419,1781148802830942,6979941
420,1781148802851793,7000792
421,1781148802867070,7016069
422,1781148802883821,7032820
423,1781148802898699,7047698
424,1781148802916056,7065055
425,1781148802933001,7082000
426,1781148802948181,7097180
427,1781148802967716,7116715
428,1781148802983884,7132883
429,1781148802999591,7148590
430,1781148803014469,7163468
431,1781148803032589,7181588
432,1781148803048928,7197927
433,1781148803064794,7213793
434,1781148803082385,7231384
435,1781148803099704,7248703
436,1781148803117232,7266231
437,1781148803132134,7281133
438,1781148803148564,7297563
439,1781148803165918,7314917
440,1781148803182221,7331220
441,1781148803199550,7348549
442,1781148803216164,7365163
443,1781148803232812,7381811
444,1781148803247594,7396593
445,1781148803265733,7414732
446,1781148803283931,7432930
447,1781148803299811,7448810
448,1781148803312922,7461921
449,1781148803332821,7481820
450,1781148803350310,7499309
451,1781148803365665,7514664
452,1781148803383460,7532459
453,1781148803398660,7547659
454,1781148803415330,7564329
455,1781148803431306,7580305
456,1781148803448989,7597988
457,1781148803465002,7614001
458,1781148803482605,7631604
459,1781148803499377,7648376
460,1781148803515610,7664609
461,1781148803532705,7681704
462,1781148803548640,7697639
463,1781148803565871,7714870
464,1781148803581626,7730625
465,1781148803598736,7747735
466,1781148803615534,7764533
467,1781148803632570,7781569
468,1781148803648520,7797519
469,1781148803666427,7815426
470,1781148803684444,7833443
471,1781148803698624,7847623
472,1781148803717513,7866512
473,1781148803733572,7882571
474,1781148803751546,7900545
475,1781148803765377,7914376
476,1781148803779145,7928144
477,1781148803799915,7948914
478,1781148803817356,7966355
479,1781148803833110,7982109
480,1781148803845528,7994527
481,1781148803865689,8014688
482,1781148803884311,8033310
483,1781148803899161,8048160
484,1781148803915981,8064980
485,1781148803933907,8082906
486,1781148803949863,8098862
487,1781148803967015,8116014
488,1781148803983619,8132618
489,1781148803998425,8147424
490,1781148804016807,8165806
491,1781148804033461,8182460
492,1781148804051068,8200067
493,1781148804065719,8214718
494,1781148804083301,8232300
495,1781148804098324,8247323
496,1781148804112961,8261960
497,1781148804133624,8282623
498,1781148804150176,8299175
499,1781148804164068,8313067
500,1781148804182943,8331942
501,1781148804199670,8348669
502,1781148804220124,8369123
503,1781148804236787,8385786
504,1781148804248609,8397608
505,1781148804267499,8416498
506,1781148804284200,8433199
507,1781148804299533,8448532
508,1781148804318350,8467349
509,1781148804334726,8483725
510,1781148804350594,8499593
511,1781148804366171,8515170
512,1781148804385370,8534369
513,1781148804400682,8549681
514,1781148804421881,8570880
515,1781148804432687,8581686
516,1781148804450123,8599122
517,1781148804466097,8615096
518,1781148804483651,8632650
519,1781148804499013,8648012
520,1781148804516486,8665485
521,1781148804532652,8681651
522,1781148804549843,8698842
523,1781148804566061,8715060
524,1781148804583795,8732794
525,1781148804600842,8749841
526,1781148804616218,8765217
527,1781148804631679,8780678
528,1781148804649347,8798346
529,1781148804666182,8815181
530,1781148804681899,8830898
531,1781148804698100,8847099
532,1781148804715338,8864337
533,1781148804731435,8880434
534,1781148804749661,8898660
535,1781148804762681,8911680
536,1781148804778796,8927795
537,1781148804796791,8945790
538,1781148804815753,8964752
539,1781148804832050,8981049
540,1781148804848715,8997714
541,1781148804861899,9010898
542,1781148804882562,9031561
543,1781148804899197,9048196
544,1781148804915730,9064729
545,1781148804931834,9080833
546,1781148804947692,9096691
547,1781148804964696,9113695
548,1781148804982580,9131579
549,1781148804999479,9148478
550,1781148805014654,9163653
551,1781148805031666,9180665
552,1781148805049782,9198781
553,1781148805063684,9212683
554,1781148805082685,9231684
555,1781148805099082,9248081
556,1781148805115086,9264085
557,1781148805132417,9281416
558,1781148805149515,9298514
559,1781148805165137,9314136
560,1781148805182783,9331782
561,1781148805198109,9347108
562,1781148805215948,9364947
563,1781148805233124,9382123
564,1781148805248718,9397717
565,1781148805265408,9414407
566,1781148805283956,9432955
567,1781148805298666,9447665
568,1781148805316331,9465330
569,1781148805332316,9481315
570,1781148805350598,9499597
571,1781148805362033,9511032
572,1781148805384043,9533042
573,1781148805400039,9549038
574,1781148805416784,9565783
575,1781148805432451,9581450
576,1781148805450123,9599122
577,1781148805466046,9615045
578,1781148805480091,9629090
579,1781148805496848,9645847
580,1781148805515623,9664622
581,1781148805532182,9681181
582,1781148805549319,9698318
583,1781148805565870,9714869
584,1781148805583509,9732508
585,1781148805599787,9748786
586,1781148805615275,9764274
587,1781148805628698,9777697
588,1781148805649554,9798553
589,1781148805666420,9815419
590,1781148805678953,9827952
591,1781148805695265,9844264
592,1781148805714758,9863757
593,1781148805733811,9882810
594,1781148805748510,9897509
595,1781148805764414,9913413
596,1781148805783609,9932608
597,1781148805797130,9946129
598,1781148805814894,9963893
599,1781148805831765,9980764
600,1781148805851958,10000957
601,1781148805868217,10017216
602,1781148805880210,10029209
603,1781148805898652,10047651
604,1781148805914920,10063919
605,1781148805932308,10081307
606,1781148805950797,10099796
607,1781148805964144,10113143
608,1781148805982414,10131413
609,1781148805999573,10148572
610,1781148806015275,10164274
611,1781148806031508,10180507
612,1781148806047729,10196728
613,1781148806063386,10212385
614,1781148806081043,10230042
615,1781148806097135,10246134
616,1781148806113967,10262966
617,1781148806130919,10279918
618,1781148806148132,10297131
619,1781148806165541,10314540
620,1781148806181221,10330220
621,1781148806195270,10344269
622,1781148806214585,10363584
623,1781148806231004,10380003
624,1781148806248215,10397214
625,1781148806265249,10414248
626,1781148806282208,10431207
627,1781148806297849,10446848
628,1781148806315769,10464768
629,1781148806331265,10480264
630,1781148806347481,10496480
631,1781148806365082,10514081
632,1781148806382898,10531897
633,1781148806397902,10546901
634,1781148806415150,10564149
635,1781148806431387,10580386
636,1781148806449989,10598988
637,1781148806466534,10615533
638,1781148806481668,10630667
639,1781148806496977,10645976
640,1781148806514933,10663932
641,1781148806526724,10675723
642,1781148806549429,10698428
643,1781148806564251,10713250
644,1781148806581740,10730739
645,1781148806594332,10743331
646,1781148806618312,10767311
647,1781148806630085,10779084
648,1781148806653116,10802115
649,1781148806664762,10813761
650,1781148806681578,10830577
651,1781148806696303,10845302
652,1781148806715166,10864165
653,1781148806730412,10879411
654,1781148806748137,10897136
655,1781148806764023,10913022
656,1781148806781498,10930497
657,1781148806797307,10946306
658,1781148806814797,10963796
659,1781148806829924,10978923
660,1781148806848356,10997355
661,1781148806866866,11015865
662,1781148806879966,11028965
663,1781148806898269,11047268
664,1781148806914620,11063619
665,1781148806925326,11074325
666,1781148806948537,11097536
667,1781148806961416,11110415
668,1781148806979879,11128878
669,1781148806993576,11142575
670,1781148807013622,11162621
671,1781148807030947,11179946
672,1781148807047078,11196077
673,1781148807064194,11213193
674,1781148807081188,11230187
675,1781148807095833,11244832
676,1781148807112993,11261992
677,1781148807129542,11278541
678,1781148807146714,11295713
679,1781148807162217,11311216
680,1781148807180578,11329577
681,1781148807197430,11346429
682,1781148807212567,11361566
683,1781148807228627,11377626
684,1781148807246071,11395070
685,1781148807263365,11412364
686,1781148807280993,11429992
687,1781148807297320,11446319
688,1781148807312862,11461861
689,1781148807327452,11476451
690,1781148807349126,11498125
691,1781148807361797,11510796
692,1781148807379977,11528976
693,1781148807398393,11547392
694,1781148807413983,11562982
695,1781148807430462,11579461
696,1781148807447726,11596725
697,1781148807464024,11613023
698,1781148807480745,11629744
699,1781148807495721,11644720
700,1781148807512481,11661480
701,1781148807530424,11679423
702,1781148807549174,11698173
703,1781148807563661,11712660
704,1781148807579151,11728150
705,1781148807595766,11744765
706,1781148807613164,11762163
707,1781148807629397,11778396
708,1781148807646045,11795044
709,1781148807659129,11808128
710,1781148807681772,11830771
711,1781148807696872,11845871
712,1781148807713851,11862850
713,1781148807730121,11879120
714,1781148807748430,11897429
715,1781148807758888,11907887
716,1781148807780844,11929843
717,1781148807796534,11945533
718,1781148807813777,11962776
719,1781148807829767,11978766
720,1781148807847305,11996304
721,1781148807863548,12012547
722,1781148807880557,12029556
723,1781148807896165,12045164
724,1781148807914111,12063110
725,1781148807930297,12079296
726,1781148807947820,12096819
727,1781148807964559,12113558
728,1781148807980586,12129585
729,1781148807998326,12147325
730,1781148808013377,12162376
731,1781148808029280,12178279
732,1781148808045814,12194813
733,1781148808063063,12212062
734,1781148808080929,12229928
735,1781148808096373,12245372
736,1781148808113882,12262881
737,1781148808129642,12278641
738,1781148808146953,12295952
739,1781148808162128,12311127
740,1781148808179420,12328419
741,1781148808192294,12341293
742,1781148808212626,12361625
743,1781148808231777,12380776
744,1781148808245933,12394932
745,1781148808261939,12410938
746,1781148808279757,12428756
747,1781148808296252,12445251
748,1781148808312021,12461020
749,1781148808328594,12477593
750,1781148808345542,12494541
751,1781148808363365,12512364
752,1781148808380896,12529895
753,1781148808395934,12544933
754,1781148808413150,12562149
755,1781148808429213,12578212
756,1781148808446426,12595425
757,1781148808462220,12611219
758,1781148808479134,12628133
759,1781148808495969,12644968
760,1781148808512550,12661549
761,1781148808528712,12677711
762,1781148808545553,12694552
763,1781148808561533,12710532
764,1781148808579447,12728446
765,1781148808596060,12745059
766,1781148808611820,12760819
767,1781148808628716,12777715
768,1781148808646724,12795723
769,1781148808662324,12811323
770,1781148808678182,12827181
771,1781148808695361,12844360
772,1781148808711606,12860605
773,1781148808728454,12877453
774,1781148808746975,12895974
775,1781148808761872,12910871
776,1781148808778513,12927512
777,1781148808794360,12943359
778,1781148808812795,12961794
779,1781148808828211,12977210
780,1781148808845154,12994153
781,1781148808863847,13012846
782,1781148808878234,13027233
783,1781148808895892,13044891
784,1781148808911262,13060261
785,1781148808929207,13078206
786,1781148808945204,13094203
787,1781148808960685,13109684
788,1781148808980177,13129176
789,1781148808994700,13143699
790,1781148809012054,13161053
791,1781148809027953,13176952
792,1781148809046155,13195154
793,1781148809061415,13210414
794,1781148809077658,13226657
795,1781148809093867,13242866
796,1781148809110820,13259819
797,1781148809127464,13276463
798,1781148809143808,13292807
799,1781148809162942,13311941
800,1781148809177991,13326990
801,1781148809194914,13343913
802,1781148809211304,13360303
803,1781148809228403,13377402
804,1781148809245710,13394709
805,1781148809261838,13410837
806,1781148809279116,13428115
807,1781148809295474,13444473
808,1781148809311910,13460909
809,1781148809328593,13477592
810,1781148809344923,13493922
811,1781148809361637,13510636
812,1781148809378479,13527478
813,1781148809395289,13544288
814,1781148809411630,13560629
815,1781148809427133,13576132
816,1781148809445145,13594144
817,1781148809463319,13612318
818,1781148809478523,13627522
819,1781148809495960,13644959
820,1781148809512091,13661090
821,1781148809528590,13677589
822,1781148809546335,13695334
823,1781148809559988,13708987
824,1781148809578507,13727506
825,1781148809594722,13743721
826,1781148809612527,13761526
827,1781148809627330,13776329
828,1781148809645124,13794123
829,1781148809661052,13810051
830,1781148809677867,13826866
831,1781148809693448,13842447
832,1781148809710537,13859536
833,1781148809724428,13873427
834,1781148809744190,13893189
835,1781148809761591,13910590
836,1781148809777318,13926317
837,1781148809794186,13943185
838,1781148809811565,13960564
839,1781148809827430,13976429
840,1781148809844483,13993482
841,1781148809860481,14009480
842,1781148809877085,14026084
843,1781148809894743,14043742
844,1781148809910939,14059938
845,1781148809928862,14077861
846,1781148809944840,14093839
847,1781148809959669,14108668
848,1781148809977978,14126977
849,1781148809994168,14143167
850,1781148810011744,14160743
851,1781148810028793,14177792
852,1781148810046778,14195777
853,1781148810061031,14210030
854,1781148810077608,14226607
855,1781148810091591,14240590
856,1781148810106574,14255573
857,1781148810126570,14275569
858,1781148810144395,14293394
859,1781148810160889,14309888
860,1781148810178008,14327007
861,1781148810194931,14343930
862,1781148810209381,14358380
863,1781148810227133,14376132
864,1781148810243117,14392116
865,1781148810259736,14408735
866,1781148810277570,14426569
867,1781148810290582,14439581
868,1781148810311400,14460399
869,1781148810329107,14478106
870,1781148810343634,14492633
871,1781148810360286,14509285
872,1781148810378188,14527187
873,1781148810397104,14546103
874,1781148810411116,14560115
875,1781148810428461,14577460
876,1781148810445654,14594653
877,1781148810460960,14609959
878,1781148810477712,14626711
879,1781148810495494,14644493
880,1781148810511142,14660141
881,1781148810525774,14674773
882,1781148810544568,14693567
883,1781148810561043,14710042
884,1781148810578670,14727669
885,1781148810593156,14742155
886,1781148810610936,14759935
887,1781148810627553,14776552
888,1781148810644091,14793090
889,1781148810660441,14809440
890,1781148810676930,14825929
891,1781148810693274,14842273
892,1781148810713590,14862589
893,1781148810726042,14875041
894,1781148810743310,14892309
895,1781148810759567,14908566
896,1781148810777194,14926193
897,1781148810792741,14941740
898,1781148810809815,14958814
899,1781148810826809,14975808
900,1781148810843554,14992553
901,1781148810860860,15009859
902,1781148810876467,15025466
903,1781148810894057,15043056
904,1781148810910157,15059156
905,1781148810927553,15076552
906,1781148810943743,15092742
907,1781148810959742,15108741
908,1781148810976800,15125799
909,1781148810994062,15143061
910,1781148811011309,15160308
911,1781148811027360,15176359
912,1781148811044140,15193139
913,1781148811057351,15206350
914,1781148811077673,15226672
915,1781148811094572,15243571
916,1781148811110141,15259140
917,1781148811124152,15273151
918,1781148811144217,15293216
919,1781148811159200,15308199
920,1781148811177428,15326427
921,1781148811191927,15340926
922,1781148811210171,15359170
923,1781148811226098,15375097
924,1781148811242648,15391647
925,1781148811261262,15410261
926,1781148811277359,15426358
927,1781148811293531,15442530
928,1781148811310240,15459239
929,1781148811326933,15475932
930,1781148811343993,15492992
931,1781148811359213,15508212
932,1781148811375454,15524453
933,1781148811392143,15541142
934,1781148811409473,15558472
935,1781148811425808,15574807
936,1781148811443906,15592905
937,1781148811460292,15609291
938,1781148811478441,15627440
939,1781148811494214,15643213
940,1781148811510103,15659102
941,1781148811526987,15675986
942,1781148811543390,15692389
943,1781148811559876,15708875
944,1781148811576107,15725106
945,1781148811592409,15741408
946,1781148811610027,15759026
947,1781148811625606,15774605
948,1781148811642086,15791085
949,1781148811659558,15808557
950,1781148811678213,15827212
951,1781148811695194,15844193
952,1781148811710538,15859537
953,1781148811728356,15877355
954,1781148811745421,15894420
955,1781148811759386,15908385
956,1781148811778189,15927188
957,1781148811792865,15941864
958,1781148811809857,15958856
959,1781148811825834,15974833
960,1781148811842614,15991613
961,1781148811859566,16008565
962,1781148811875708,16024707
963,1781148811891398,16040397
964,1781148811909415,16058414
965,1781148811926747,16075746
966,1781148811942591,16091590
967,1781148811957721,16106720
968,1781148811977160,16126159
969,1781148811992469,16141468
970,1781148812010996,16159995
971,1781148812026339,16175338
972,1781148812043214,16192213
973,1781148812059733,16208732
974,1781148812076520,16225519
975,1781148812091727,16240726
976,1781148812109928,16258927
977,1781148812125584,16274583
978,1781148812142295,16291294
979,1781148812158877,16307876
980,1781148812176248,16325247
981,1781148812191695,16340694
982,1781148812208873,16357872
983,1781148812227298,16376297
984,1781148812243574,16392573
985,1781148812258819,16407818
986,1781148812276238,16425237
987,1781148812292065,16441064
988,1781148812308531,16457530
989,1781148812326091,16475090
990,1781148812343251,16492250
991,1781148812358678,16507677
992,1781148812375004,16524003
993,1781148812393296,16542295
994,1781148812408193,16557192
995,1781148812427063,16576062
996,1781148812442222,16591221
997,1781148812460419,16609418
998,1781148812471740,16620739
999,1781148812493863,16642862
1000,1781148812510290,16659289
1001,1781148812528996,16677995
1002,1781148812545524,16694523
1003,1781148812559072,16708071
1004,1781148812576240,16725239
1005,1781148812593218,16742217
1006,1781148812610077,16759076
1007,1781148812626370,16775369
1008,1781148812643302,16792301
1009,1781148812660340,16809339
1010,1781148812674894,16823893
1011,1781148812694684,16843683
1012,1781148812710125,16859124
1013,1781148812726007,16875006
1014,1781148812742499,16891498
1015,1781148812759533,16908532
1016,1781148812775370,16924369
1017,1781148812792940,16941939
1018,1781148812808908,16957907
1019,1781148812825616,16974615
1020,1781148812844568,16993567
1021,1781148812856480,17005479
1022,1781148812877675,17026674
1023,1781148812892916,17041915
1024,1781148812907658,17056657
1025,1781148812926379,17075378
1026,1781148812942237,17091236
1027,1781148812958031,17107030
1028,1781148812976879,17125878
1029,1781148812992741,17141740
1030,1781148813007751,17156750
1031,1781148813025463,17174462
1032,1781148813041057,17190056
1033,1781148813059811,17208810
1034,1781148813074950,17223949
1035,1781148813093515,17242514
1036,1781148813109049,17258048
1037,1781148813125525,17274524
1038,1781148813143539,17292538
1039,1781148813157645,17306644
1040,1781148813174387,17323386
1041,1781148813190678,17339677
1042,1781148813208249,17357248
1043,1781148813224777,17373776
1044,1781148813242284,17391283
1045,1781148813257854,17406853
1046,1781148813273495,17422494
1047,1781148813291125,17440124
1048,1781148813307989,17456988
1049,1781148813323722,17472721
1050,1781148813341357,17490356
1051,1781148813357992,17506991
1052,1781148813372998,17521997
1053,1781148813389945,17538944
1054,1781148813406928,17555927
1055,1781148813420727,17569726
1056,1781148813442213,17591212
1057,1781148813455212,17604211
1058,1781148813476120,17625119
1059,1781148813492245,17641244
1060,1781148813505489,17654488
1061,1781148813524140,17673139
1062,1781148813541212,17690211
1063,1781148813558418,17707417
1064,1781148813574181,17723180
1065,1781148813592227,17741226
1066,1781148813607712,17756711
1067,1781148813623964,17772963
1068,1781148813641054,17790053
1069,1781148813657795,17806794
1070,1781148813674975,17823974
1071,1781148813688059,17837058
1072,1781148813707356,17856355
1073,1781148813725144,17874143
1074,1781148813740597,17889596
1075,1781148813757522,17906521
1076,1781148813773132,17922131
1077,1781148813790792,17939791
1078,1781148813807909,17956908
1079,1781148813826660,17975659
1080,1781148813839823,17988822
1081,1781148813858020,18007019
1082,1781148813874337,18023336
1083,1781148813889964,18038963
1084,1781148813906328,18055327
1085,1781148813923731,18072730
1086,1781148813936761,18085760
1087,1781148813958908,18107907
1088,1781148813974365,18123364
1089,1781148813990969,18139968
1090,1781148814007898,18156897
1091,1781148814024345,18173344
1092,1781148814040932,18189931
1093,1781148814057857,18206856
1094,1781148814074653,18223652
1095,1781148814091666,18240665
1096,1781148814106216,18255215
1097,1781148814125238,18274237
1098,1781148814141767,18290766
1099,1781148814157544,18306543
1100,1781148814174527,18323526
1101,1781148814191389,18340388
1102,1781148814208766,18357765
1103,1781148814223349,18372348
1104,1781148814240378,18389377
1105,1781148814256716,18405715
1106,1781148814273796,18422795
1107,1781148814289565,18438564
1108,1781148814306713,18455712
1109,1781148814322948,18471947
1110,1781148814340292,18489291
1111,1781148814356380,18505379
1112,1781148814373154,18522153
1113,1781148814389691,18538690
1114,1781148814406903,18555902
1115,1781148814421229,18570228
1116,1781148814439662,18588661
1117,1781148814454981,18603980
1118,1781148814469910,18618909
1119,1781148814490687,18639686
1120,1781148814506864,18655863
1121,1781148814524108,18673107
1122,1781148814539926,18688925
1123,1781148814556040,18705039
1124,1781148814573524,18722523
1125,1781148814589279,18738278
1126,1781148814606389,18755388
1127,1781148814623167,18772166
1128,1781148814639428,18788427
1129,1781148814657193,18806192
1130,1781148814672476,18821475
1131,1781148814690276,18839275
1132,1781148814707915,18856914
1133,1781148814722523,18871522
1134,1781148814741014,18890013
1135,1781148814758126,18907125
1136,1781148814769232,18918231
1137,1781148814789583,18938582
1138,1781148814807465,18956464
1139,1781148814824129,18973128
1140,1781148814842746,18991745
1141,1781148814856485,19005484
1142,1781148814873981,19022980
1143,1781148814892736,19041735
1144,1781148814907984,19056983
1145,1781148814923842,19072841
1146,1781148814941277,19090276
1147,1781148814956980,19105979
1148,1781148814973934,19122933
1149,1781148814990951,19139950
1150,1781148815008114,19157113
1151,1781148815021482,19170481
1152,1781148815040744,19189743
1153,1781148815057713,19206712
1154,1781148815072914,19221913
1155,1781148815087607,19236606
1156,1781148815106760,19255759
1157,1781148815124476,19273475
1158,1781148815140279,19289278
1159,1781148815156290,19305289
1160,1781148815173292,19322291
1161,1781148815190759,19339758
1162,1781148815208336,19357335
1163,1781148815223974,19372973
1164,1781148815240413,19389412
1165,1781148815256812,19405811
1166,1781148815273359,19422358
1167,1781148815286748,19435747
1168,1781148815307573,19456572
1169,1781148815325126,19474125
1170,1781148815340351,19489350
1171,1781148815358224,19507223
1172,1781148815373921,19522920
1173,1781148815390338,19539337
1174,1781148815407342,19556341
1175,1781148815423409,19572408
1176,1781148815440641,19589640
1177,1781148815457323,19606322
1178,1781148815476246,19625245
1179,1781148815490622,19639621
1180,1781148815504928,19653927
1181,1781148815523523,19672522
1182,1781148815540533,19689532
1183,1781148815558058,19707057
1184,1781148815573643,19722642
1185,1781148815589796,19738795
1186,1781148815606508,19755507
1187,1781148815626493,19775492
1188,1781148815639737,19788736
1189,1781148815655199,19804198
1190,1781148815673257,19822256
1191,1781148815686836,19835835
1192,1781148815705607,19854606
1193,1781148815721139,19870138
1194,1781148815740719,19889718
1195,1781148815752065,19901064
1196,1781148815772592,19921591
1197,1781148815787560,19936559
1198,1781148815806034,19955033
1199,1781148815822646,19971645
1200,1781148815838753,19987752
1201,1781148815857722,20006721
1202,1781148815875677,20024676
1203,1781148815891636,20040635
1204,1781148815907228,20056227
1205,1781148815922054,20071053
1206,1781148815938485,20087484
1207,1781148815957335,20106334
1208,1781148815973973,20122972
1209,1781148815988949,20137948
1210,1781148816005864,20154863
1211,1781148816019017,20168016
1212,1781148816039802,20188801
1213,1781148816052987,20201986
1214,1781148816072480,20221479
1215,1781148816088258,20237257
1216,1781148816106687,20255686
1217,1781148816122447,20271446
1218,1781148816138666,20287665
1219,1781148816156534,20305533
1220,1781148816172210,20321209
1221,1781148816190502,20339501
1222,1781148816205516,20354515
1223,1781148816223326,20372325
1224,1781148816240886,20389885
1225,1781148816255572,20404571
1226,1781148816270291,20419290
1227,1781148816289293,20438292
1228,1781148816305709,20454708
1229,1781148816323287,20472286
1230,1781148816338162,20487161
1231,1781148816355167,20504166
1232,1781148816374518,20523517
1233,1781148816389931,20538930
1234,1781148816404735,20553734
1235,1781148816422231,20571230
1236,1781148816438451,20587450
1237,1781148816455353,20604352
1238,1781148816471941,20620940
1239,1781148816486567,20635566
1240,1781148816505926,20654925
1241,1781148816523369,20672368
1242,1781148816539783,20688782
1243,1781148816555211,20704210
1244,1781148816574055,20723054
1245,1781148816589343,20738342
1246,1781148816605616,20754615
1247,1781148816623368,20772367
1248,1781148816639019,20788018
1249,1781148816657446,20806445
1250,1781148816674084,20823083
1251,1781148816685812,20834811
1252,1781148816705890,20854889
1253,1781148816723817,20872816
1254,1781148816740930,20889929
1255,1781148816756551,20905550
1256,1781148816773241,20922240
1257,1781148816790257,20939256
1258,1781148816805414,20954413
1259,1781148816822205,20971204
1260,1781148816838915,20987914
1261,1781148816852495,21001494
1262,1781148816873725,21022724
1263,1781148816889395,21038394
1264,1781148816907231,21056230
1265,1781148816918822,21067821
1266,1781148816938744,21087743
1267,1781148816957230,21106229
1268,1781148816972954,21121953
1269,1781148816990727,21139726
1270,1781148817005937,21154936
1271,1781148817020507,21169506
1272,1781148817039252,21188251
1273,1781148817054280,21203279
1274,1781148817072789,21221788
1275,1781148817089557,21238556
1276,1781148817105935,21254934
1277,1781148817121138,21270137
1278,1781148817139603,21288602
1279,1781148817154573,21303572
1280,1781148817172428,21321427
1281,1781148817188645,21337644
1282,1781148817204643,21353642
1283,1781148817221265,21370264
1284,1781148817238246,21387245
1285,1781148817255656,21404655
1286,1781148817272900,21421899
1287,1781148817289715,21438714
1288,1781148817304308,21453307
1289,1781148817321068,21470067
1290,1781148817338416,21487415
1291,1781148817352793,21501792
1292,1781148817370997,21519996
1293,1781148817387725,21536724
1294,1781148817404357,21553356
1295,1781148817421478,21570477
1296,1781148817439095,21588094
1297,1781148817454291,21603290
1298,1781148817472067,21621066
1299,1781148817487983,21636982
1300,1781148817503790,21652789
1301,1781148817521323,21670322
1302,1781148817538328,21687327
1303,1781148817554335,21703334
1304,1781148817571787,21720786
1305,1781148817587985,21736984
1306,1781148817604428,21753427
1307,1781148817622266,21771265
1308,1781148817640039,21789038
1309,1781148817654129,21803128
1310,1781148817671660,21820659
1311,1781148817688722,21837721
1312,1781148817703554,21852553
1313,1781148817723237,21872236
1314,1781148817737794,21886793
1315,1781148817754674,21903673
1316,1781148817771258,21920257
1317,1781148817794272,21943271
1318,1781148817804267,21953266
1319,1781148817822643,21971642
1320,1781148817838513,21987512
1321,1781148817850187,21999186
1322,1781148817871503,22020502
1323,1781148817888724,22037723
1324,1781148817904470,22053469
1325,1781148817924411,22073410
1326,1781148817936110,22085109
1327,1781148817955355,22104354
1328,1781148817970205,22119204
1329,1781148817987260,22136259
1330,1781148818006549,22155548
1331,1781148818021219,22170218
1332,1781148818039005,22188004
1333,1781148818054983,22203982
1334,1781148818070764,22219763
1335,1781148818088994,22237993
1336,1781148818105704,22254703
1337,1781148818118227,22267226
1338,1781148818138078,22287077
1339,1781148818155295,22304294
1340,1781148818171879,22320878
1341,1781148818189866,22338865
1342,1781148818204491,22353490
1343,1781148818222017,22371016
1344,1781148818237216,22386215
1345,1781148818255044,22404043
1346,1781148818270864,22419863
1347,1781148818287308,22436307
1348,1781148818303412,22452411
1349,1781148818318760,22467759
1350,1781148818337087,22486086
1351,1781148818354510,22503509
1352,1781148818369449,22518448
1353,1781148818386243,22535242
1354,1781148818403380,22552379
1355,1781148818420585,22569584
1356,1781148818433260,22582259
1357,1781148818453284,22602283
1358,1781148818469142,22618141
1359,1781148818487281,22636280
1360,1781148818502587,22651586
1361,1781148818521258,22670257
1362,1781148818536136,22685135
1363,1781148818554575,22703574
1364,1781148818569691,22718690
1365,1781148818586500,22735499
1366,1781148818600629,22749628
1367,1781148818619621,22768620
1368,1781148818637184,22786183
1369,1781148818654184,22803183
1370,1781148818667744,22816743
1371,1781148818687298,22836297
1372,1781148818703811,22852810
1373,1781148818721084,22870083
1374,1781148818736660,22885659
1375,1781148818754641,22903640
1376,1781148818770209,22919208
1377,1781148818786535,22935534
1378,1781148818803589,22952588
1379,1781148818820560,22969559
1380,1781148818838308,22987307
1381,1781148818857030,23006029
1382,1781148818869670,23018669
1383,1781148818887141,23036140
1384,1781148818904052,23053051
1385,1781148818921354,23070353
1386,1781148818937756,23086755
1387,1781148818955836,23104835
1388,1781148818972802,23121801
1389,1781148818987548,23136547
1390,1781148819003170,23152169
1391,1781148819021314,23170313
1392,1781148819037256,23186255
1393,1781148819053240,23202239
1394,1781148819070567,23219566
1395,1781148819088068,23237067
1396,1781148819104048,23253047
1397,1781148819120571,23269570
1398,1781148819137365,23286364
1399,1781148819155065,23304064
1400,1781148819169888,23318887
1401,1781148819190521,23339520
1402,1781148819205821,23354820
1403,1781148819221049,23370048
1404,1781148819236150,23385149
1405,1781148819252866,23401865
1406,1781148819269883,23418882
1407,1781148819286201,23435200
1408,1781148819302642,23451641
1409,1781148819320413,23469412
1410,1781148819336763,23485762
1411,1781148819352438,23501437
1412,1781148819369789,23518788
1413,1781148819383820,23532819
1414,1781148819402912,23551911
1415,1781148819419266,23568265
1416,1781148819435314,23584313
1417,1781148819454107,23603106
1418,1781148819469433,23618432
1419,1781148819487502,23636501
1420,1781148819498775,23647774
1421,1781148819521466,23670465
1422,1781148819535336,23684335
1423,1781148819552318,23701317
1424,1781148819569216,23718215
1425,1781148819586735,23735734
1426,1781148819602360,23751359
1427,1781148819621295,23770294
1428,1781148819635007,23784006
1429,1781148819653047,23802046
1430,1781148819665420,23814419
1431,1781148819686929,23835928
1432,1781148819699440,23848439
1433,1781148819717190,23866189
1434,1781148819735294,23884293
1435,1781148819753754,23902753
1436,1781148819769723,23918722
1437,1781148819786784,23935783
1438,1781148819804064,23953063
1439,1781148819820151,23969150
1440,1781148819835961,23984960
1441,1781148819855074,24004073
1442,1781148819870336,24019335
1443,1781148819888472,24037471
1444,1781148819903081,24052080
1445,1781148819920249,24069248
1446,1781148819936058,24085057
1447,1781148819953436,24102435
1448,1781148819969215,24118214
1449,1781148819986082,24135081
1450,1781148820001384,24150383
1451,1781148820020008,24169007
1452,1781148820036999,24185998
1453,1781148820052227,24201226
1454,1781148820069482,24218481
1455,1781148820081837,24230836
1456,1781148820102620,24251619
1457,1781148820119975,24268974
1458,1781148820135011,24284010
1459,1781148820151583,24300582
1460,1781148820166526,24315525
1461,1781148820188509,24337508
1462,1781148820198020,24347019
1463,1781148820219266,24368265
1464,1781148820235653,24384652
1465,1781148820251923,24400922
1466,1781148820268072,24417071
1467,1781148820286621,24435620
1468,1781148820303696,24452695
1469,1781148820318872,24467871
1470,1781148820334504,24483503
1471,1781148820352238,24501237
1472,1781148820369121,24518120
1473,1781148820385365,24534364
1474,1781148820402154,24551153
1475,1781148820420253,24569252
1476,1781148820435327,24584326
1477,1781148820450880,24599879
1478,1781148820467595,24616594
1479,1781148820485031,24634030
1480,1781148820501720,24650719
1481,1781148820518901,24667900
1482,1781148820534708,24683707
1483,1781148820551459,24700458
1484,1781148820567303,24716302
1485,1781148820585329,24734328
1486,1781148820602479,24751478
1487,1781148820618187,24767186
1488,1781148820634967,24783966
1489,1781148820652047,24801046
1490,1781148820668595,24817594
1491,1781148820685729,24834728
1492,1781148820702457,24851456
1493,1781148820718073,24867072
1494,1781148820735780,24884779
1495,1781148820754372,24903371
1496,1781148820768720,24917719
1497,1781148820786284,24935283
1498,1781148820803056,24952055
1499,1781148820819761,24968760
1500,1781148820835254,24984253
1501,1781148820853023,25002022
1502,1781148820869758,25018757
1503,1781148820886971,25035970
1504,1781148820902141,25051140
1505,1781148820920000,25068999
1506,1781148820935497,25084496
1507,1781148820952800,25101799
1508,1781148820969218,25118217
1509,1781148820985966,25134965
1510,1781148821001843,25150842
1511,1781148821018376,25167375
1512,1781148821035668,25184667
1513,1781148821051462,25200461
1514,1781148821068473,25217472
1515,1781148821085201,25234200
1516,1781148821102123,25251122
1517,1781148821119604,25268603
1518,1781148821135549,25284548
1519,1781148821152248,25301247
1520,1781148821165997,25314996
1521,1781148821186576,25335575
1522,1781148821202156,25351155
1523,1781148821218843,25367842
1524,1781148821235267,25384266
1525,1781148821251746,25400745
1526,1781148821267309,25416308
1527,1781148821284706,25433705
1528,1781148821301295,25450294
1529,1781148821318884,25467883
1530,1781148821334215,25483214
1531,1781148821350277,25499276
1532,1781148821368017,25517016
1533,1781148821384139,25533138
1534,1781148821399641,25548640
1535,1781148821417960,25566959
1536,1781148821433734,25582733
1537,1781148821454234,25603233
1538,1781148821467207,25616206
1539,1781148821484602,25633601
1540,1781148821500618,25649617
1541,1781148821518109,25667108
1542,1781148821534362,25683361
1543,1781148821550319,25699318
1544,1781148821566667,25715666
1545,1781148821583823,25732822
1546,1781148821600240,25749239
1547,1781148821616451,25765450
1548,1781148821633023,25782022
1549,1781148821651752,25800751
1550,1781148821666893,25815892
1551,1781148821683590,25832589
1552,1781148821700887,25849886
1553,1781148821717299,25866298
1554,1781148821735241,25884240
1555,1781148821750305,25899304
1556,1781148821768252,25917251
1557,1781148821784474,25933473
1558,1781148821798185,25947184
1559,1781148821817967,25966966
1560,1781148821834834,25983833
1561,1781148821851607,26000606
1562,1781148821867938,26016937
1563,1781148821883806,26032805
1564,1781148821903346,26052345
1565,1781148821918189,26067188
1566,1781148821934245,26083244
1567,1781148821951119,26100118
1568,1781148821968569,26117568
1569,1781148821983840,26132839
1570,1781148822001151,26150150
1571,1781148822017623,26166622
1572,1781148822034306,26183305
1573,1781148822050889,26199888
1574,1781148822067723,26216722
1575,1781148822085029,26234028
1576,1781148822101451,26250450
1577,1781148822118541,26267540
1578,1781148822134224,26283223
1579,1781148822153007,26302006
1580,1781148822167857,26316856
1581,1781148822184775,26333774
1582,1781148822200598,26349597
1583,1781148822217751,26366750
1584,1781148822232410,26381409
1585,1781148822251665,26400664
1586,1781148822267468,26416467
1587,1781148822284583,26433582
1588,1781148822299549,26448548
1589,1781148822313471,26462470
1590,1781148822333948,26482947
1591,1781148822350841,26499840
1592,1781148822368381,26517380
1593,1781148822384528,26533527
1594,1781148822401222,26550221
1595,1781148822417778,26566777
1596,1781148822434504,26583503
1597,1781148822451466,26600465
1598,1781148822467406,26616405
1599,1781148822483430,26632429
1600,1781148822501117,26650116
1601,1781148822517249,26666248
1602,1781148822533672,26682671
1603,1781148822551059,26700058
1604,1781148822566743,26715742
1605,1781148822583806,26732805
1606,1781148822601275,26750274
1607,1781148822618907,26767906
1608,1781148822633534,26782533
1609,1781148822651295,26800294
1610,1781148822665742,26814741
1611,1781148822683984,26832983
1612,1781148822701167,26850166
1613,1781148822716950,26865949
1614,1781148822733383,26882382
1615,1781148822752271,26901270
1616,1781148822767007,26916006
1617,1781148822783329,26932328
1618,1781148822798490,26947489
1619,1781148822815284,26964283
1620,1781148822832166,26981165
1621,1781148822846900,26995899
1622,1781148822868846,27017845
1623,1781148822882600,27031599
1624,1781148822896348,27045347
1625,1781148822917581,27066580
1626,1781148822930342,27079341
1627,1781148822949755,27098754
1628,1781148822965978,27114977
1629,1781148822984542,27133541
1630,1781148823002010,27151009
1631,1781148823015831,27164830
1632,1781148823035559,27184558
1633,1781148823049079,27198078
1634,1781148823066291,27215290
1635,1781148823083945,27232944
1636,1781148823099225,27248224
1637,1781148823115867,27264866
1638,1781148823133503,27282502
1639,1781148823150690,27299689
1640,1781148823166191,27315190
1641,1781148823183831,27332830
1642,1781148823199485,27348484
1643,1781148823216018,27365017
1644,1781148823232785,27381784
1645,1781148823250027,27399026
1646,1781148823267054,27416053
1647,1781148823283764,27432763
1648,1781148823302223,27451222
1649,1781148823318117,27467116
1650,1781148823333903,27482902
1651,1781148823350676,27499675
1652,1781148823367094,27516093
1653,1781148823385937,27534936
1654,1781148823400198,27549197
1655,1781148823416026,27565025
1656,1781148823433357,27582356
1657,1781148823448405,27597404
1658,1781148823469000,27617999
1659,1781148823483188,27632187
1660,1781148823496886,27645885
1661,1781148823516805,27665804
1662,1781148823532466,27681465
1663,1781148823550242,27699241
1664,1781148823562290,27711289
1665,1781148823582083,27731082
1666,1781148823600167,27749166
1667,1781148823616912,27765911
1668,1781148823635059,27784058
1669,1781148823650099,27799098
1670,1781148823666209,27815208
1671,1781148823683152,27832151
1672,1781148823701694,27850693
1673,1781148823717014,27866013
1674,1781148823733122,27882121
1675,1781148823750210,27899209
1676,1781148823767333,27916332
1677,1781148823784307,27933306
1678,1781148823802032,27951031
1679,1781148823818545,27967544
1680,1781148823832966,27981965
1681,1781148823847473,27996472
1682,1781148823867427,28016426
1683,1781148823883431,28032430
1684,1781148823899785,28048784
1685,1781148823917329,28066328
1686,1781148823932562,28081561
1687,1781148823949075,28098074
1688,1781148823966355,28115354
1689,1781148823983844,28132843
1690,1781148824000140,28149139
1691,1781148824015857,28164856
1692,1781148824033129,28182128
1693,1781148824049036,28198035
1694,1781148824066954,28215953
1695,1781148824082308,28231307
1696,1781148824096970,28245969
1697,1781148824115882,28264881
1698,1781148824133407,28282406
1699,1781148824150594,28299593
1700,1781148824167556,28316555
1701,1781148824183204,28332203
1702,1781148824197886,28346885
1703,1781148824216104,28365103
1704,1781148824232725,28381724
1705,1781148824250334,28399333
1706,1781148824265722,28414721
1707,1781148824283275,28432274
1708,1781148824300847,28449846
1709,1781148824317060,28466059
1710,1781148824332733,28481732
1711,1781148824349804,28498803
1712,1781148824365556,28514555
1713,1781148824383624,28532623
1714,1781148824399486,28548485
1715,1781148824415756,28564755
1716,1781148824432201,28581200
1717,1781148824449793,28598792
1718,1781148824462314,28611313
1719,1781148824481944,28630943
1720,1781148824499344,28648343
1721,1781148824515680,28664679
1722,1781148824532813,28681812
1723,1781148824550496,28699495
1724,1781148824566347,28715346
1725,1781148824579996,28728995
1726,1781148824598190,28747189
1727,1781148824615595,28764594
1728,1781148824633597,28782596
1729,1781148824655712,28804711
1730,1781148824669780,28818779
1731,1781148824692182,28841181
1732,1781148824700361,28849360
1733,1781148824714817,28863816
1734,1781148824733491,28882490
1735,1781148824750965,28899964
1736,1781148824768105,28917104
1737,1781148824783353,28932352
1738,1781148824801212,28950211
1739,1781148824817016,28966015
1740,1781148824832361,28981360
1741,1781148824848940,28997939
1742,1781148824865845,29014844
1743,1781148824882491,29031490
1744,1781148824899757,29048756
1745,1781148824915371,29064370
1746,1781148824932240,29081239
1747,1781148824948514,29097513
1748,1781148824961687,29110686
1749,1781148824981794,29130793
1750,1781148824998571,29147570
1751,1781148825015008,29164007
1752,1781148825031711,29180710
1753,1781148825048900,29197899
1754,1781148825064943,29213942
1755,1781148825081482,29230481
1756,1781148825100544,29249543
1757,1781148825115228,29264227
1758,1781148825130880,29279879
1759,1781148825148237,29297236
1760,1781148825165673,29314672
1761,1781148825180887,29329886
1762,1781148825199416,29348415
1763,1781148825215211,29364210
1764,1781148825233500,29382499
1765,1781148825248358,29397357
1766,1781148825264045,29413044
1767,1781148825280789,29429788
1768,1781148825299162,29448161
1769,1781148825316265,29465264
1770,1781148825338125,29487124
1771,1781148825349840,29498839
1772,1781148825367552,29516551
1773,1781148825382453,29531452
1774,1781148825400323,29549322
1775,1781148825414489,29563488
1776,1781148825433747,29582746
1777,1781148825451306,29600305
1778,1781148825471604,29620603
1779,1781148825481921,29630920
1780,1781148825496992,29645991
1781,1781148825516925,29665924
1782,1781148825533553,29682552
1783,1781148825549669,29698668
1784,1781148825567692,29716691
1785,1781148825585815,29734814
1786,1781148825600294,29749293
1787,1781148825617087,29766086
1788,1781148825631616,29780615
1789,1781148825649901,29798900
1790,1781148825660474,29809473
1791,1781148825682860,29831859
1792,1781148825700327,29849326
1793,1781148825714845,29863844
1794,1781148825731163,29880162
1795,1781148825749373,29898372
1796,1781148825765206,29914205
1797,1781148825783114,29932113
1798,1781148825798153,29947152
1799,1781148825815851,29964850
1800,1781148825831949,29980948
1801,1781148825849278,29998277
1802,1781148825867404,30016403
1803,1781148825883392,30032391
1804,1781148825899168,30048167
1805,1781148825915623,30064622
1806,1781148825932647,30081646
1807,1781148825948960,30097959
1808,1781148825966876,30115875
1809,1781148825983501,30132500
1810,1781148825994530,30143529
1811,1781148826015194,30164193
1812,1781148826032078,30181077
1813,1781148826049953,30198952
1814,1781148826062041,30211040
1815,1781148826080938,30229937
1816,1781148826095872,30244871
1817,1781148826115952,30264951
1818,1781148826140912,30289911
1819,1781148826149187,30298186
1820,1781148826165045,30314044
1821,1781148826181183,30330182
1822,1781148826198191,30347190
1823,1781148826215588,30364587
1824,1781148826228819,30377818
1825,1781148826247529,30396528
1826,1781148826262431,30411430
1827,1781148826281611,30430610
1828,1781148826297399,30446398
1829,1781148826313907,30462906
1830,1781148826332176,30481175
1831,1781148826347486,30496485
1832,1781148826369196,30518195
1833,1781148826384617,30533616
1834,1781148826397552,30546551
1835,1781148826414928,30563927
1836,1781148826433005,30582004
1837,1781148826449274,30598273
1838,1781148826464713,30613712
1839,1781148826481113,30630112
1840,1781148826498654,30647653
1841,1781148826512498,30661497
1842,1781148826531859,30680858
1843,1781148826549104,30698103
1844,1781148826564617,30713616
1845,1781148826580688,30729687
1846,1781148826594732,30743731
1847,1781148826614908,30763907
1848,1781148826633263,30782262
1849,1781148826648716,30797715
1850,1781148826665512,30814511
1851,1781148826682220,30831219
1852,1781148826698986,30847985
1853,1781148826714913,30863912
1854,1781148826732453,30881452
1855,1781148826748994,30897993
1856,1781148826764151,30913150
1857,1781148826782592,30931591
1858,1781148826798742,30947741
1859,1781148826816984,30965983
1860,1781148826827558,30976557
1861,1781148826848937,30997936
1862,1781148826868914,31017913
1863,1781148826883684,31032683
1864,1781148826898552,31047551
1865,1781148826915314,31064313
1866,1781148826929700,31078699
1867,1781148826948979,31097978
1868,1781148826965687,31114686
1869,1781148826983725,31132724
1870,1781148827005738,31154737
1871,1781148827012187,31161186
1872,1781148827028372,31177371
1873,1781148827049379,31198378
1874,1781148827065429,31214428
1875,1781148827081179,31230178
1876,1781148827100602,31249601
1877,1781148827115384,31264383
1878,1781148827131802,31280801
1879,1781148827148490,31297489
1880,1781148827162909,31311908
1881,1781148827180557,31329556
1882,1781148827194392,31343391
1883,1781148827213897,31362896
1884,1781148827225651,31374650
1885,1781148827247572,31396571
1886,1781148827265648,31414647
1887,1781148827281072,31430071
1888,1781148827297690,31446689
1889,1781148827313236,31462235
1890,1781148827329894,31478893
1891,1781148827347558,31496557
1892,1781148827373723,31522722
1893,1781148827381083,31530082
1894,1781148827398144,31547143
1895,1781148827414730,31563729
1896,1781148827431109,31580108
1897,1781148827448372,31597371
1898,1781148827464245,31613244
1899,1781148827481159,31630158
1900,1781148827499068,31648067
1901,1781148827511866,31660865
1902,1781148827527379,31676378
1903,1781148827547791,31696790
1904,1781148827561439,31710438
1905,1781148827582154,31731153
1906,1781148827598417,31747416
1907,1781148827615036,31764035
1908,1781148827631211,31780210
1909,1781148827647253,31796252
1910,1781148827666703,31815702
1911,1781148827678918,31827917
1912,1781148827699703,31848702
1913,1781148827714616,31863615
1914,1781148827730970,31879969
1915,1781148827749986,31898985
1916,1781148827769761,31918760
1917,1781148827781145,31930144
1918,1781148827796693,31945692
1919,1781148827812653,31961652
1920,1781148827826665,31975664
1921,1781148827849086,31998085
1922,1781148827864215,32013214
1923,1781148827875361,32024360
1924,1781148827894234,32043233
1925,1781148827912882,32061881
1926,1781148827928589,32077588
1927,1781148827946225,32095224
1928,1781148827963428,32112427
1929,1781148827980449,32129448
1930,1781148827996449,32145448
1931,1781148828011836,32160835
1932,1781148828034755,32183754
1933,1781148828046325,32195324
1934,1781148828061314,32210313
1935,1781148828075809,32224808
1936,1781148828097217,32246216
1937,1781148828112602,32261601
1938,1781148828128123,32277122
1939,1781148828145759,32294758
1940,1781148828160876,32309875
1941,1781148828180277,32329276
1942,1781148828194305,32343304
1943,1781148828212307,32361306
1944,1781148828228791,32377790
1945,1781148828247310,32396309
1946,1781148828262192,32411191
1947,1781148828279223,32428222
1948,1781148828294456,32443455
1949,1781148828312592,32461591
1950,1781148828332674,32481673
1951,1781148828346299,32495298
1952,1781148828361560,32510559
1953,1781148828378693,32527692
1954,1781148828395926,32544925
